﻿Code,Indicator Name,Long definition,Source
NY.GDP.PCAP.PP.KD,"GDP per capita, PPP (constant 2011 international $)",GDP per capita based on purchasing power parity (PPP). PPP GDP is gross domestic product converted to international dollars using purchasing power parity rates. An international dollar has the same purchasing power over GDP as the U.S. dollar has in the United States. GDP at purchaser's prices is the sum of gross value added by all resident producers in the economy plus any product taxes and minus any subsidies not included in the value of the products. It is calculated without making deductions for depreciation of fabricated assets or for depletion and degradation of natural resources. Data are in constant 2011 international dollars.,"World Bank, International Comparison Program database."
NY.GDP.DEFL.KD.ZG,"Inflation, GDP deflator (annual %)",Inflation as measured by the annual growth rate of the GDP implicit deflator shows the rate of price change in the economy as a whole. The GDP implicit deflator is the ratio of GDP in current local currency to GDP in constant local currency.,"World Bank national accounts data, and OECD National Accounts data files."
BX.GSR.GNFS.CD,"Exports of goods and services (BoP, current US$)","Exports of goods and services comprise all transactions between residents of a country and the rest of the world involving a change of ownership from residents to nonresidents of general merchandise, net exports of goods under merchanting, nonmonetary gold, and services. Data are in current U.S. dollars.","International Monetary Fund, Balance of Payments Statistics Yearbook and data files."
NE.EXP.GNFS.KD,Exports of goods and services (constant 2010 US$),"Exports of goods and services represent the value of all goods and other market services provided to the rest of the world. They include the value of merchandise, freight, insurance, transport, travel, royalties, license fees, and other services, such as communication, construction, financial, information, business, personal, and government services. They exclude compensation of employees and investment income (formerly called factor services) and transfer payments. Data are in constant 2010 U.S. dollars.","World Bank national accounts data, and OECD National Accounts data files."
NE.TRD.GNFS.ZS,Trade (% of GDP),Trade is the sum of exports and imports of goods and services measured as a share of gross domestic product.,"World Bank national accounts data, and OECD National Accounts data files."
NY.GDP.MKTP.KD,GDP (constant 2010 US$),"GDP at purchaser's prices is the sum of gross value added by all resident producers in the economy plus any product taxes and minus any subsidies not included in the value of the products. It is calculated without making deductions for depreciation of fabricated assets or for depletion and degradation of natural resources. Data are in constant 2010 U.S. dollars. Dollar figures for GDP are converted from domestic currencies using 2010 official exchange rates. For a few countries where the official exchange rate does not reflect the rate effectively applied to actual foreign exchange transactions, an alternative conversion factor is used.","World Bank national accounts data, and OECD National Accounts data files."
BM.GSR.GNFS.CD,"Imports of goods and services (BoP, current US$)","Imports of goods and services comprise all transactions between residents of a country and the rest of the world involving a change of ownership from nonresidents to residents of general merchandise, nonmonetary gold, and services. Data are in current U.S. dollars.","International Monetary Fund, Balance of Payments Statistics Yearbook and data files."
NE.IMP.GNFS.KD,Imports of goods and services (constant 2010 US$),"Imports of goods and services represent the value of all goods and other market services received from the rest of the world. They include the value of merchandise, freight, insurance, transport, travel, royalties, license fees, and other services, such as communication, construction, financial, information, business, personal, and government services. They exclude compensation of employees and investment income (formerly called factor services) and transfer payments. Data are in constant 2010 U.S. dollars.","World Bank national accounts data, and OECD National Accounts data files."
BX.KLT.DINV.CD.WD,"Foreign direct investment, net inflows (BoP, current US$)","Foreign direct investment refers to direct investment equity flows in the reporting economy. It is the sum of equity capital, reinvestment of earnings, and other capital. Direct investment is a category of cross-border investment associated with a resident in one economy having control or a significant degree of influence on the management of an enterprise that is resident in another economy. Ownership of 10 percent or more of the ordinary shares of voting stock is the criterion for determining the existence of a direct investment relationship. Data are in current U.S. dollars.","International Monetary Fund, Balance of Payments database, supplemented by data from the United Nations Conference on Trade and Development and official national sources."
NE.GDI.TOTL.ZS,Gross capital formation (% of GDP),"Gross capital formation (formerly gross domestic investment) consists of outlays on additions to the fixed assets of the economy plus net changes in the level of inventories. Fixed assets include land improvements (fences, ditches, drains, and so on); plant, machinery, and equipment purchases; and the construction of roads, railways, and the like, including schools, offices, hospitals, private residential dwellings, and commercial and industrial buildings. Inventories are stocks of goods held by firms to meet temporary or unexpected fluctuations in production or sales, and "work in progress." According to the 1993 SNA, net acquisitions of valuables are also considered capital formation.","World Bank national accounts data, and OECD National Accounts data files."
SL.UEM.TOTL.ZS,"Unemployment, total (% of total labor force) (modeled ILO estimate)",Unemployment refers to the share of the labor force that is without work but available for and seeking employment.,"International Labour Organization, ILOSTAT database. Data retrieved in September 2018."
SP.POP.TOTL,"Population, total","Total population is based on the de facto definition of population, which counts all residents regardless of legal status or citizenship. The values shown are midyear estimates.","(1) United Nations Population Division. World Population Prospects: 2017 Revision. (2) Census reports and other statistical publications from national statistical offices, (3) Eurostat: Demographic Statistics, (4) United Nations Statistical Division. Population and Vital Statistics Reprot (various years), (5) U.S. Census Bureau: International Database, and (6) Secretariat of the Pacific Community: Statistics and Demography Programme."
EN.POP.DNST,Population density (people per sq. km of land area),"Population density is midyear population divided by land area in square kilometers. Population is based on the de facto definition of population, which counts all residents regardless of legal status or citizenship--except for refugees not permanently settled in the country of asylum, who are generally considered part of the population of their country of origin. Land area is a country's total area, excluding area under inland water bodies, national claims to continental shelf, and exclusive economic zones. In most cases the definition of inland water bodies includes major rivers and lakes.",Food and Agriculture Organization and World Bank population estimates.
GC.NLD.TOTL.GD.ZS,Net lending (+) / net borrowing (-) (% of GDP),"Net lending (+) / net borrowing (–) equals government revenue minus expense, minus net investment in nonfinancial assets. It is also equal to the net result of transactions in financial assets and liabilities. Net lending/net borrowing is a summary measure indicating the extent to which government is either putting financial resources at the disposal of other sectors in the economy or abroad, or utilizing the financial resources generated by other sectors in the economy or from abroad.","International Monetary Fund, Government Finance Statistics Yearbook and data files."
SI.POV.DDAY,Poverty headcount ratio at $1.90 a day (2011 PPP) (% of population),"Poverty headcount ratio at $1.90 a day is the percentage of the population living on less than $1.90 a day at 2011 international prices. As a result of revisions in PPP exchange rates, poverty rates for individual countries cannot be compared with poverty rates reported in earlier editions.","World Bank, Development Research Group. Data are based on primary household survey data obtained from government statistical agencies and World Bank country departments. Data for high-income economies are from the Luxembourg Income Study database. For more information and methodology, please see PovcalNet (http://iresearch.worldbank.org/PovcalNet/index.htm)."
NV.AGR.TOTL.ZS,"Agriculture, value added (% of GDP)","Agriculture corresponds to ISIC divisions 1-5 and includes forestry, hunting, and fishing, as well as cultivation of crops and livestock production. Value added is the net output of a sector after adding up all outputs and subtracting intermediate inputs. It is calculated without making deductions for depreciation of fabricated assets or depletion and degradation of natural resources. The origin of value added is determined by the International Standard Industrial Classification (ISIC), revision 3 or 4.","World Bank national accounts data, and OECD National Accounts data files."
NV.IND.TOTL.ZS,"Industry, value added (% of GDP)","Industry corresponds to ISIC divisions 10-45 and includes manufacturing (ISIC divisions 15-37). It comprises value added in mining, manufacturing (also reported as a separate subgroup), construction, electricity, water, and gas. Value added is the net output of a sector after adding up all outputs and subtracting intermediate inputs. It is calculated without making deductions for depreciation of fabricated assets or depletion and degradation of natural resources. The origin of value added is determined by the International Standard Industrial Classification (ISIC), revision 3 or 4.","World Bank national accounts data, and OECD National Accounts data files."
SM.POP.NETM,Net migration,"Net migration is the net total of migrants during the period, that is, the total number of immigrants less the annual number of emigrants, including both citizens and noncitizens. Data are five-year estimates.",United Nations Population Division. World Population Prospects: 2017 Revision.
GC.TAX.TOTL.GD.ZS,Tax revenue (% of GDP),"Tax revenue refers to compulsory transfers to the central government for public purposes. Certain compulsory transfers such as fines, penalties, and most social security contributions are excluded. Refunds and corrections of erroneously collected tax revenue are treated as negative revenue.","International Monetary Fund, Government Finance Statistics Yearbook and data files, and World Bank and OECD GDP estimates."
GC.REV.XGRT.GD.ZS,"Revenue, excluding grants (% of GDP)","Revenue is cash receipts from taxes, social contributions, and other revenues such as fines, fees, rent, and income from property or sales. Grants are also considered as revenue but are excluded here.","International Monetary Fund, Government Finance Statistics Yearbook and data files, and World Bank and OECD GDP estimates."
NY.GNP.PCAP.PP.KD,"GNI per capita, PPP (constant 2011 international $)",GNI per capita based on purchasing power parity (PPP). PPP GNI is gross national income (GNI) converted to international dollars using purchasing power parity rates. An international dollar has the same purchasing power over GNI as a U.S. dollar has in the United States. GNI is the sum of value added by all resident producers plus any product taxes (less subsidies) not included in the valuation of output plus net receipts of primary income (compensation of employees and property income) from abroad. Data are in constant 2011 international dollars.,"World Bank, International Comparison Program database."
SP.DYN.LE00.IN,"Life expectancy at birth, total (years)",Life expectancy at birth indicates the number of years a newborn infant would live if prevailing patterns of mortality at the time of its birth were to stay the same throughout its life.,"(1) United Nations Population Division. World Population Prospects: 2017 Revision, or derived from male and female life expectancy at birth from sources such as: (2) Census reports and other statistical publications from national statistical offices, (3) Eurostat: Demographic Statistics, (4) United Nations Statistical Division. Population and Vital Statistics Reprot (various years), (5) U.S. Census Bureau: International Database, and (6) Secretariat of the Pacific Community: Statistics and Demography Programme."
